{
    "project": {
        "name": "StateJS",
        "version": "0.1.0",
        "description": "StateJS",
        "url": "http://statejs.guineashots.com"
    },
    "files": {
        "..\\src\\Blackboard.js": {
            "name": "..\\src\\Blackboard.js",
            "modules": {},
            "classes": {
                "Blackboard": 1
            },
            "fors": {},
            "namespaces": {}
        },
        "..\\src\\FSM.js": {
            "name": "..\\src\\FSM.js",
            "modules": {},
            "classes": {
                "FSM": 1
            },
            "fors": {},
            "namespaces": {}
        },
        "..\\src\\State.js": {
            "name": "..\\src\\State.js",
            "modules": {},
            "classes": {
                "State": 1
            },
            "fors": {},
            "namespaces": {}
        },
        "..\\src\\Subsumption.js": {
            "name": "..\\src\\Subsumption.js",
            "modules": {},
            "classes": {
                "Subsumption": 1
            },
            "fors": {},
            "namespaces": {}
        },
        "..\\src\\Utility.js": {
            "name": "..\\src\\Utility.js",
            "modules": {},
            "classes": {
                "Utility": 1
            },
            "fors": {},
            "namespaces": {}
        },
        "..\\src\\statejs.js": {
            "name": "..\\src\\statejs.js",
            "modules": {
                "StateJS": 1
            },
            "classes": {
                "Utils": 1
            },
            "fors": {},
            "namespaces": {}
        }
    },
    "modules": {
        "StateJS": {
            "name": "StateJS",
            "submodules": {},
            "classes": {
                "Blackboard": 1,
                "FSM": 1,
                "State": 1,
                "Subsumption": 1,
                "Utility": 1,
                "Utils": 1
            },
            "fors": {},
            "namespaces": {},
            "tag": "main",
            "file": "..\\src\\statejs.js",
            "line": 55,
            "description": "StateJS\n=======\n\n* * *\n\n**StateJS** is a Javascript library that provides state-based models such\nas Finite State Machines and the Subsumption architecture. It aims speed,\nlow memory consuption and multi-agent control. Check out some features \nof StateJS:\n\n- StateJS provides **Finite State Machines**, **Subsumption Architecture** \n  and **Utility Functions**;\n- **Extensible and Flexible**, create new Machines or your own version of \n  FSM or Utilities;\n- **Optimized to control multiple agents**, you can use a single machine \n  instance to handle hundreds of agents;\n- **Completely free**, StateJS is published under the MIT License, which \n  means that you can use it for your open source and commercial projects;\n- **Lightweight**, only 11.5KB!\n\nVisit http://statejs.guineashots.com to know more!",
            "itemtype": "main"
        }
    },
    "classes": {
        "Blackboard": {
            "name": "Blackboard",
            "shortname": "Blackboard",
            "classitems": [],
            "plugins": [],
            "extensions": [],
            "plugin_for": [],
            "extension_for": [],
            "module": "StateJS",
            "namespace": "",
            "file": "..\\src\\Blackboard.js",
            "line": 35,
            "description": "The Blackboard is the memory structure required by machines and its \nstates. It only have 2 public methods: `set` and `get`. These methods \nworks in 3 different contexts: global, per machine, and per state per \nmachine.\n\nSuppose you have two different machines controlling a single object with a\nsingle blackboard, then:\n\n- In the global context, all states will access the stored information. \n- In per machine context, only states sharing the same machine share the \n  stored information.\n- In per state per machine context, the information stored in the \n  blackboard can only be accessed by the same state that wrote the data.\n  \nThe context is selected indirectly by the parameters provided to these \nmethods, for example:\n\n    // getting/setting variable in global context\n    blackboard.set('testKey', 'value');\n    var value = blackboard.get('testKey');\n    \n    // getting/setting variable in per machine context\n    blackboard.set('testKey', 'value', machine.id);\n    var value = blackboard.get('testKey', machine.id);\n    \n    // getting/setting variable in per state per machine context\n    blackboard.set('testKey', 'value', machine.id, state.id);\n    var value = blackboard.get('testKey', machine.id, state.id);\n\nNote: Internally, the blackboard store these memories in different \nobjects, being the global on `_baseMemory`, the per machine on \n`_machineMemory` and the per state per machine dynamically create inside \nthe per machine memory (it is accessed via \n`_machineMemory[id].stateMemory`). Avoid to use these variables manually, \nuse `get` and `set` instead."
        },
        "FSM": {
            "name": "FSM",
            "shortname": "FSM",
            "classitems": [],
            "plugins": [],
            "extensions": [],
            "plugin_for": [],
            "extension_for": [],
            "module": "StateJS",
            "namespace": "",
            "file": "..\\src\\FSM.js",
            "line": 35,
            "description": "A Finite State Machine implementation.\n\nThe FSM does not use the `potential` method in the state, and it only call\nthe `tick` method of the current state."
        },
        "State": {
            "name": "State",
            "shortname": "State",
            "classitems": [],
            "plugins": [],
            "extensions": [],
            "plugin_for": [],
            "extension_for": [],
            "module": "StateJS",
            "namespace": "",
            "file": "..\\src\\State.js",
            "line": 35,
            "description": "The State class represents generic states that works for all machines. \nSome machines require the implementation of specific methods in this \nclass. Please consult the documentation of the machine you want to use and\nthe description of each method here.\n\nTo extend the State class you can use the `statejs.Class` function:\n\n    var MyState = statejs.Class(statejs.State);\n\n    MyState.prototype.tick = function(target, memory) {\n      console.log('My Implementation')\n    }"
        },
        "Subsumption": {
            "name": "Subsumption",
            "shortname": "Subsumption",
            "classitems": [],
            "plugins": [],
            "extensions": [],
            "plugin_for": [],
            "extension_for": [],
            "module": "StateJS",
            "namespace": "",
            "file": "..\\src\\Subsumption.js",
            "line": 35,
            "description": "A simple Subsumption architecture.\n\nSubsumption states must implement the `potential` method, returning `true`\nor `false`. This machine will verify sequentially, from the first added \nstate to the last, if each state can execute. If the a state return `true`\nin the `potential` method, this machine will assume it as the current \nstate. The `tick` method is only called in the current state."
        },
        "Utility": {
            "name": "Utility",
            "shortname": "Utility",
            "classitems": [],
            "plugins": [],
            "extensions": [],
            "plugin_for": [],
            "extension_for": [],
            "module": "StateJS",
            "namespace": "",
            "file": "..\\src\\Utility.js",
            "line": 35,
            "description": "This machine uses utility functions to select the current state.\n\nStates must implement `potential` method, returning a numeric value. The\n`potential` is the utility function of that state. The state that returns\nthe biggest utility will be selected as the current one. The `tick` \nmethod is only called in the current state."
        },
        "Utils": {
            "name": "Utils",
            "shortname": "Utils",
            "classitems": [],
            "plugins": [],
            "extensions": [],
            "plugin_for": [],
            "extension_for": [],
            "module": "StateJS",
            "namespace": "",
            "file": "..\\src\\statejs.js",
            "line": 55,
            "description": "List of internal and helper functions in StateJS."
        }
    },
    "classitems": [
        {
            "file": "..\\src\\Blackboard.js",
            "line": 1,
            "description": "Blackboard\n\nCopyright (c) 2015 Renato de Pontes Pereira.\n\nPermission is hereby granted, free of charge, to any person obtaining a copy\nof this software and associated documentation files (the \"Software\"), to \ndeal in the Software without restriction, including without limitation the \nrights to use, copy, modify, merge, publish, distribute, sublicense, and/or\nsell copies of the Software, and to permit persons to whom the Software is \nfurnished to do so, subject to the following conditions:\n\nThe above copyright notice and this permission notice shall be included in\nall copies or substantial portions of the Software.\n\nTHE SOFTWARE IS PROVIDED \"AS IS\", WITHOUT WARRANTY OF ANY KIND, EXPRESS OR\nIMPLIED, INCLUDING BUT NOT LIMITED TO THE WARRANTIES OF MERCHANTABILITY, \nFITNESS FOR A PARTICULAR PURPOSE AND NONINFRINGEMENT. IN NO EVENT SHALL THE\nAUTHORS OR COPYRIGHT HOLDERS BE LIABLE FOR ANY CLAIM, DAMAGES OR OTHER \nLIABILITY, WHETHER IN AN ACTION OF CONTRACT, TORT OR OTHERWISE, ARISING \nFROM, OUT OF OR IN CONNECTION WITH THE SOFTWARE OR THE USE OR OTHER DEALINGS\nIN THE SOFTWARE.",
            "class": "Blackboard"
        },
        {
            "file": "..\\src\\Blackboard.js",
            "line": 77,
            "description": "Initialization method.",
            "itemtype": "method",
            "name": "initialize",
            "is_constructor": 1,
            "class": "Blackboard",
            "module": "StateJS"
        },
        {
            "file": "..\\src\\Blackboard.js",
            "line": 88,
            "description": "Internal method to retrieve the machine context memory. If the memory does\nnot exist, this method creates it.",
            "itemtype": "method",
            "name": "_getMachineMemory",
            "params": [
                {
                    "name": "machineScope",
                    "description": "The id of the machine in scope.",
                    "type": "String"
                }
            ],
            "return": {
                "description": "The machine memory.",
                "type": "Object"
            },
            "access": "protected",
            "tagname": "",
            "class": "Blackboard",
            "module": "StateJS"
        },
        {
            "file": "..\\src\\Blackboard.js",
            "line": 106,
            "description": "Internal method to retrieve the state context memory, given the machine \nmemory. If the memory does not exist, this method creates is.",
            "itemtype": "method",
            "name": "_getStateMemory",
            "params": [
                {
                    "name": "machineMemory",
                    "description": "the machine memory.",
                    "type": "String"
                },
                {
                    "name": "stateScope",
                    "description": "The id of the state in scope.",
                    "type": "String"
                }
            ],
            "return": {
                "description": "The state memory.",
                "type": "Object"
            },
            "access": "protected",
            "tagname": "",
            "class": "Blackboard",
            "module": "StateJS"
        },
        {
            "file": "..\\src\\Blackboard.js",
            "line": 125,
            "description": "Internal method to retrieve the context memory. If machineScope and \nstateScope are provided, this method returns the per state per machine \nmemory. If only the machineScope is provided, it returns the per machine \nmemory. If no parameter is provided, it returns the global memory. \nNotice that, if only stateScope is provided, this method will still \nreturn the global memory.",
            "itemtype": "method",
            "name": "_getMemory",
            "params": [
                {
                    "name": "machineScope",
                    "description": "The id of the machine scope.",
                    "type": "String"
                },
                {
                    "name": "stateScope",
                    "description": "The id of the state scope.",
                    "type": "String"
                }
            ],
            "return": {
                "description": "A memory object.",
                "type": "Object"
            },
            "access": "protected",
            "tagname": "",
            "class": "Blackboard",
            "module": "StateJS"
        },
        {
            "file": "..\\src\\Blackboard.js",
            "line": 153,
            "description": "Stores a value in the blackboard. If machineScope and stateScope are \nprovided, this method will save the value into the per state per machine \nmemory. If only the machineScope is provided, it will save the value into \nthe per machine memory. If no parameter is provided, this method will save \nthe value into the global memory. Notice that, if only stateScope is \nprovided (but machineScope not), this method will still save the value into\nthe global memory.",
            "itemtype": "method",
            "name": "set",
            "params": [
                {
                    "name": "key",
                    "description": "The key to be stored.",
                    "type": "String"
                },
                {
                    "name": "value",
                    "description": "The value to be stored.",
                    "type": "String"
                },
                {
                    "name": "machineScope",
                    "description": "The machine id if accessing the machine or state \n                          memory.",
                    "type": "String"
                },
                {
                    "name": "stateScope",
                    "description": "The state id if accessing the state memory.",
                    "type": "String"
                }
            ],
            "class": "Blackboard",
            "module": "StateJS"
        },
        {
            "file": "..\\src\\Blackboard.js",
            "line": 174,
            "description": "Retrieves a value in the blackboard. If machineScope and stateScope are\nprovided, this method will retrieve the value from the per state per machine\nmemory. If only the machineScope is provided, it will retrieve the value\nfrom the per machine memory. If no parameter is provided, this method will\nretrieve from the global memory. If only stateScope is provided (but\nmachineScope not), this method will still try to retrieve from the global\nmemory.",
            "itemtype": "method",
            "name": "get",
            "params": [
                {
                    "name": "key",
                    "description": "The key to be retrieved.",
                    "type": "String"
                },
                {
                    "name": "machineScope",
                    "description": "The machine id if accessing the machine or state \n                          memory.",
                    "type": "String"
                },
                {
                    "name": "stateScope",
                    "description": "The state id if accessing the state memory.",
                    "type": "String"
                }
            ],
            "return": {
                "description": "The value stored or undefined.",
                "type": "Object"
            },
            "class": "Blackboard",
            "module": "StateJS"
        },
        {
            "file": "..\\src\\FSM.js",
            "line": 1,
            "description": "State\n\nCopyright (c) 2015 Renato de Pontes Pereira.\n\nPermission is hereby granted, free of charge, to any person obtaining a copy\nof this software and associated documentation files (the \"Software\"), to \ndeal in the Software without restriction, including without limitation the \nrights to use, copy, modify, merge, publish, distribute, sublicense, and/or\nsell copies of the Software, and to permit persons to whom the Software is \nfurnished to do so, subject to the following conditions:\n\nThe above copyright notice and this permission notice shall be included in\nall copies or substantial portions of the Software.\n\nTHE SOFTWARE IS PROVIDED \"AS IS\", WITHOUT WARRANTY OF ANY KIND, EXPRESS OR\nIMPLIED, INCLUDING BUT NOT LIMITED TO THE WARRANTIES OF MERCHANTABILITY, \nFITNESS FOR A PARTICULAR PURPOSE AND NONINFRINGEMENT. IN NO EVENT SHALL THE\nAUTHORS OR COPYRIGHT HOLDERS BE LIABLE FOR ANY CLAIM, DAMAGES OR OTHER \nLIABILITY, WHETHER IN AN ACTION OF CONTRACT, TORT OR OTHERWISE, ARISING \nFROM, OUT OF OR IN CONNECTION WITH THE SOFTWARE OR THE USE OR OTHER DEALINGS\nIN THE SOFTWARE.",
            "class": "FSM",
            "module": "StateJS"
        },
        {
            "file": "..\\src\\FSM.js",
            "line": 46,
            "description": "Machine unique ID.",
            "itemtype": "property",
            "name": "id",
            "type": "{String}",
            "readonly": "",
            "class": "FSM",
            "module": "StateJS"
        },
        {
            "file": "..\\src\\FSM.js",
            "line": 55,
            "description": "Initialization method.",
            "itemtype": "method",
            "name": "initialize",
            "is_constructor": 1,
            "class": "FSM",
            "module": "StateJS"
        },
        {
            "file": "..\\src\\FSM.js",
            "line": 66,
            "description": "Adds a new state to the FSM. The state is identified by a name, which must\nbe unique.",
            "itemtype": "method",
            "name": "add",
            "params": [
                {
                    "name": "name",
                    "description": "The unique name that identifies the state.",
                    "type": "String"
                },
                {
                    "name": "state",
                    "description": "The state object.",
                    "type": "State"
                }
            ],
            "class": "FSM",
            "module": "StateJS"
        },
        {
            "file": "..\\src\\FSM.js",
            "line": 85,
            "description": "Returns a registered state instance by name.",
            "itemtype": "method",
            "name": "get",
            "params": [
                {
                    "name": "name",
                    "description": "The state name.",
                    "type": "String"
                }
            ],
            "return": {
                "description": "The state.",
                "type": "State"
            },
            "class": "FSM",
            "module": "StateJS"
        },
        {
            "file": "..\\src\\FSM.js",
            "line": 96,
            "description": "Returns a list of all state names registered in this machine.",
            "itemtype": "method",
            "name": "list",
            "return": {
                "description": "An array of state names.",
                "type": "Array"
            },
            "class": "FSM",
            "module": "StateJS"
        },
        {
            "file": "..\\src\\FSM.js",
            "line": 111,
            "description": "Return the name of the current state. Requires a blackboard instance.",
            "itemtype": "method",
            "name": "name",
            "params": [
                {
                    "name": "memory",
                    "description": "A Blackboard instance.",
                    "type": "statejs.Blackboard"
                }
            ],
            "return": {
                "description": "the name of the current state or `null` if none.",
                "type": "String"
            },
            "class": "FSM",
            "module": "StateJS"
        },
        {
            "file": "..\\src\\FSM.js",
            "line": 122,
            "description": "Change the machine to the new state.",
            "itemtype": "method",
            "name": "to",
            "params": [
                {
                    "name": "name",
                    "description": "The state name.",
                    "type": "String"
                },
                {
                    "name": "target",
                    "description": "A target object.",
                    "type": "Object"
                },
                {
                    "name": "memory",
                    "description": "A Blackboard instance.",
                    "type": "statejs.Blackboard"
                }
            ],
            "class": "FSM",
            "module": "StateJS"
        },
        {
            "file": "..\\src\\FSM.js",
            "line": 150,
            "description": "Propagates the update to current state.",
            "itemtype": "method",
            "name": "tick",
            "params": [
                {
                    "name": "target",
                    "description": "A target object.",
                    "type": "Object"
                },
                {
                    "name": "memory",
                    "description": "A Blackboard instance.",
                    "type": "statejs.Blackboard"
                }
            ],
            "class": "FSM",
            "module": "StateJS"
        },
        {
            "file": "..\\src\\State.js",
            "line": 1,
            "description": "State\n\nCopyright (c) 2015 Renato de Pontes Pereira.\n\nPermission is hereby granted, free of charge, to any person obtaining a copy\nof this software and associated documentation files (the \"Software\"), to \ndeal in the Software without restriction, including without limitation the \nrights to use, copy, modify, merge, publish, distribute, sublicense, and/or\nsell copies of the Software, and to permit persons to whom the Software is \nfurnished to do so, subject to the following conditions:\n\nThe above copyright notice and this permission notice shall be included in\nall copies or substantial portions of the Software.\n\nTHE SOFTWARE IS PROVIDED \"AS IS\", WITHOUT WARRANTY OF ANY KIND, EXPRESS OR\nIMPLIED, INCLUDING BUT NOT LIMITED TO THE WARRANTIES OF MERCHANTABILITY, \nFITNESS FOR A PARTICULAR PURPOSE AND NONINFRINGEMENT. IN NO EVENT SHALL THE\nAUTHORS OR COPYRIGHT HOLDERS BE LIABLE FOR ANY CLAIM, DAMAGES OR OTHER \nLIABILITY, WHETHER IN AN ACTION OF CONTRACT, TORT OR OTHERWISE, ARISING \nFROM, OUT OF OR IN CONNECTION WITH THE SOFTWARE OR THE USE OR OTHER DEALINGS\nIN THE SOFTWARE.",
            "class": "State",
            "module": "StateJS"
        },
        {
            "file": "..\\src\\State.js",
            "line": 54,
            "description": "State unique ID.",
            "itemtype": "property",
            "name": "id",
            "type": "{String}",
            "readonly": "",
            "class": "State",
            "module": "StateJS"
        },
        {
            "file": "..\\src\\State.js",
            "line": 63,
            "description": "The reference to the machine in which this state was added.",
            "itemtype": "property",
            "name": "machine",
            "type": "{Object}",
            "readonly": "",
            "class": "State",
            "module": "StateJS"
        },
        {
            "file": "..\\src\\State.js",
            "line": 72,
            "description": "Initialization method.",
            "itemtype": "method",
            "name": "initialize",
            "is_constructor": 1,
            "class": "State",
            "module": "StateJS"
        },
        {
            "file": "..\\src\\State.js",
            "line": 83,
            "description": "Enter method, override this to use. It is called when the machine assume \nthis state as the current one",
            "itemtype": "method",
            "name": "enter",
            "params": [
                {
                    "name": "target",
                    "description": "A target object, commonly an agent.",
                    "type": "Object"
                },
                {
                    "name": "memory",
                    "description": "A blackboard object.",
                    "type": "Object"
                }
            ],
            "class": "State",
            "module": "StateJS"
        },
        {
            "file": "..\\src\\State.js",
            "line": 93,
            "description": "The potential method is used to some machines for different things. \nConsult the machine documentation to know how to implement this.\n\nIn general, this method is used by machines to verify if the state is able\nto execute at a given moment or not.",
            "itemtype": "method",
            "name": "potential",
            "params": [
                {
                    "name": "target",
                    "description": "A target object, commonly an agent.",
                    "type": "Object"
                },
                {
                    "name": "memory",
                    "description": "A blackboard object.",
                    "type": "Object"
                }
            ],
            "class": "State",
            "module": "StateJS"
        },
        {
            "file": "..\\src\\State.js",
            "line": 110,
            "description": "Tick method is called every time a machine is asked to update. Depending \non the machine, the State tick may only be called if it is the current \nexecuting state. Consult the machine documentation to known more.",
            "itemtype": "method",
            "name": "tick",
            "params": [
                {
                    "name": "target",
                    "description": "A target object, commonly an agent.",
                    "type": "Object"
                },
                {
                    "name": "memory",
                    "description": "A blackboard object.",
                    "type": "Object"
                }
            ],
            "class": "State",
            "module": "StateJS"
        },
        {
            "file": "..\\src\\State.js",
            "line": 121,
            "description": "Exit method is called when the state is replaced by another on the \nmachine.",
            "itemtype": "method",
            "name": "exit",
            "params": [
                {
                    "name": "target",
                    "description": "A target object, commonly an agent.",
                    "type": "Object"
                },
                {
                    "name": "memory",
                    "description": "A blackboard object.",
                    "type": "Object"
                }
            ],
            "class": "State",
            "module": "StateJS"
        },
        {
            "file": "..\\src\\Subsumption.js",
            "line": 1,
            "description": "Subsumption\n\nCopyright (c) 2015 Renato de Pontes Pereira.\n\nPermission is hereby granted, free of charge, to any person obtaining a copy\nof this software and associated documentation files (the \"Software\"), to \ndeal in the Software without restriction, including without limitation the \nrights to use, copy, modify, merge, publish, distribute, sublicense, and/or\nsell copies of the Software, and to permit persons to whom the Software is \nfurnished to do so, subject to the following conditions:\n\nThe above copyright notice and this permission notice shall be included in\nall copies or substantial portions of the Software.\n\nTHE SOFTWARE IS PROVIDED \"AS IS\", WITHOUT WARRANTY OF ANY KIND, EXPRESS OR\nIMPLIED, INCLUDING BUT NOT LIMITED TO THE WARRANTIES OF MERCHANTABILITY, \nFITNESS FOR A PARTICULAR PURPOSE AND NONINFRINGEMENT. IN NO EVENT SHALL THE\nAUTHORS OR COPYRIGHT HOLDERS BE LIABLE FOR ANY CLAIM, DAMAGES OR OTHER \nLIABILITY, WHETHER IN AN ACTION OF CONTRACT, TORT OR OTHERWISE, ARISING \nFROM, OUT OF OR IN CONNECTION WITH THE SOFTWARE OR THE USE OR OTHER DEALINGS\nIN THE SOFTWARE.",
            "class": "Subsumption",
            "module": "StateJS"
        },
        {
            "file": "..\\src\\Subsumption.js",
            "line": 49,
            "description": "Machine unique ID.",
            "itemtype": "property",
            "name": "id",
            "type": "{String}",
            "readonly": "",
            "class": "Subsumption",
            "module": "StateJS"
        },
        {
            "file": "..\\src\\Subsumption.js",
            "line": 58,
            "description": "Initialization method.",
            "itemtype": "method",
            "name": "initialize",
            "is_constructor": 1,
            "class": "Subsumption",
            "module": "StateJS"
        },
        {
            "file": "..\\src\\Subsumption.js",
            "line": 69,
            "description": "Adds a new state to the Subsumption. The state is identified by a name,\nwhich must be unique.",
            "itemtype": "method",
            "name": "add",
            "params": [
                {
                    "name": "name",
                    "description": "The unique name that identifies the state.",
                    "type": "String"
                },
                {
                    "name": "state",
                    "description": "The state object.",
                    "type": "State"
                }
            ],
            "class": "Subsumption",
            "module": "StateJS"
        },
        {
            "file": "..\\src\\Subsumption.js",
            "line": 91,
            "description": "Returns a registered state instance by name.",
            "itemtype": "method",
            "name": "get",
            "params": [
                {
                    "name": "name",
                    "description": "The state name.",
                    "type": "String"
                }
            ],
            "return": {
                "description": "The state.",
                "type": "State"
            },
            "class": "Subsumption",
            "module": "StateJS"
        },
        {
            "file": "..\\src\\Subsumption.js",
            "line": 106,
            "description": "Returns a list of all state names registered in this machine.",
            "itemtype": "method",
            "name": "list",
            "return": {
                "description": "An array of state names.",
                "type": "Array"
            },
            "class": "Subsumption",
            "module": "StateJS"
        },
        {
            "file": "..\\src\\Subsumption.js",
            "line": 121,
            "description": "Return the name of the current state. Requires a blackboard instance.",
            "itemtype": "method",
            "name": "name",
            "params": [
                {
                    "name": "memory",
                    "description": "A Blackboard instance.",
                    "type": "statejs.Blackboard"
                }
            ],
            "return": {
                "description": "the name of the current state or `null` if none.",
                "type": "String"
            },
            "class": "Subsumption",
            "module": "StateJS"
        },
        {
            "file": "..\\src\\Subsumption.js",
            "line": 132,
            "description": "Verifies which state will assume the current execution and propagates the\nupdate to current state.",
            "itemtype": "method",
            "name": "tick",
            "params": [
                {
                    "name": "target",
                    "description": "A target object.",
                    "type": "Object"
                },
                {
                    "name": "memory",
                    "description": "A Blackboard instance.",
                    "type": "statejs.Blackboard"
                }
            ],
            "class": "Subsumption",
            "module": "StateJS"
        },
        {
            "file": "..\\src\\Subsumption.js",
            "line": 159,
            "description": "Change the machine to the new state.",
            "itemtype": "method",
            "name": "_to",
            "params": [
                {
                    "name": "name",
                    "description": "The unique name that identifies the state.",
                    "type": "String"
                },
                {
                    "name": "state",
                    "description": "The state object.",
                    "type": "State"
                },
                {
                    "name": "name",
                    "description": "The state name.",
                    "type": "String"
                }
            ],
            "access": "private",
            "tagname": "",
            "class": "Subsumption",
            "module": "StateJS"
        },
        {
            "file": "..\\src\\Utility.js",
            "line": 1,
            "description": "Utility\n\nCopyright (c) 2015 Renato de Pontes Pereira.\n\nPermission is hereby granted, free of charge, to any person obtaining a copy\nof this software and associated documentation files (the \"Software\"), to \ndeal in the Software without restriction, including without limitation the \nrights to use, copy, modify, merge, publish, distribute, sublicense, and/or\nsell copies of the Software, and to permit persons to whom the Software is \nfurnished to do so, subject to the following conditions:\n\nThe above copyright notice and this permission notice shall be included in\nall copies or substantial portions of the Software.\n\nTHE SOFTWARE IS PROVIDED \"AS IS\", WITHOUT WARRANTY OF ANY KIND, EXPRESS OR\nIMPLIED, INCLUDING BUT NOT LIMITED TO THE WARRANTIES OF MERCHANTABILITY, \nFITNESS FOR A PARTICULAR PURPOSE AND NONINFRINGEMENT. IN NO EVENT SHALL THE\nAUTHORS OR COPYRIGHT HOLDERS BE LIABLE FOR ANY CLAIM, DAMAGES OR OTHER \nLIABILITY, WHETHER IN AN ACTION OF CONTRACT, TORT OR OTHERWISE, ARISING \nFROM, OUT OF OR IN CONNECTION WITH THE SOFTWARE OR THE USE OR OTHER DEALINGS\nIN THE SOFTWARE.",
            "class": "Utility",
            "module": "StateJS"
        },
        {
            "file": "..\\src\\Utility.js",
            "line": 48,
            "description": "Machine unique ID.",
            "itemtype": "property",
            "name": "id",
            "type": "{String}",
            "readonly": "",
            "class": "Utility",
            "module": "StateJS"
        },
        {
            "file": "..\\src\\Utility.js",
            "line": 57,
            "description": "Initialization method.",
            "itemtype": "method",
            "name": "initialize",
            "is_constructor": 1,
            "class": "Utility",
            "module": "StateJS"
        },
        {
            "file": "..\\src\\Utility.js",
            "line": 68,
            "description": "Adds a new state to the Utility. The state is identified by a name,\nwhich must be unique.",
            "itemtype": "method",
            "name": "add",
            "params": [
                {
                    "name": "name",
                    "description": "The unique name that identifies the state.",
                    "type": "String"
                },
                {
                    "name": "state",
                    "description": "The state object.",
                    "type": "State"
                }
            ],
            "class": "Utility",
            "module": "StateJS"
        },
        {
            "file": "..\\src\\Utility.js",
            "line": 90,
            "description": "Returns a registered state instance by name.",
            "itemtype": "method",
            "name": "get",
            "params": [
                {
                    "name": "name",
                    "description": "The state name.",
                    "type": "String"
                }
            ],
            "return": {
                "description": "The state.",
                "type": "State"
            },
            "class": "Utility",
            "module": "StateJS"
        },
        {
            "file": "..\\src\\Utility.js",
            "line": 105,
            "description": "Returns a list of all state names registered in this machine.",
            "itemtype": "method",
            "name": "list",
            "return": {
                "description": "An array of state names.",
                "type": "Array"
            },
            "class": "Utility",
            "module": "StateJS"
        },
        {
            "file": "..\\src\\Utility.js",
            "line": 120,
            "description": "Return the name of the current state. Requires a blackboard instance.",
            "itemtype": "method",
            "name": "name",
            "params": [
                {
                    "name": "memory",
                    "description": "A Blackboard instance.",
                    "type": "statejs.Blackboard"
                }
            ],
            "return": {
                "description": "the name of the current state or `null` if none.",
                "type": "String"
            },
            "class": "Utility",
            "module": "StateJS"
        },
        {
            "file": "..\\src\\Utility.js",
            "line": 131,
            "description": "Verifies which state will assume the current execution and propagates the\nupdate to current state.",
            "itemtype": "method",
            "name": "tick",
            "params": [
                {
                    "name": "target",
                    "description": "A target object.",
                    "type": "Object"
                },
                {
                    "name": "memory",
                    "description": "A Blackboard instance.",
                    "type": "statejs.Blackboard"
                }
            ],
            "class": "Utility",
            "module": "StateJS"
        },
        {
            "file": "..\\src\\Utility.js",
            "line": 160,
            "description": "Change the machine to the new state.",
            "itemtype": "method",
            "name": "_to",
            "params": [
                {
                    "name": "name",
                    "description": "The unique name that identifies the state.",
                    "type": "String"
                },
                {
                    "name": "state",
                    "description": "The state object.",
                    "type": "State"
                },
                {
                    "name": "name",
                    "description": "The state name.",
                    "type": "String"
                }
            ],
            "access": "private",
            "tagname": "",
            "class": "Utility",
            "module": "StateJS"
        },
        {
            "file": "..\\src\\statejs.js",
            "line": 1,
            "description": "statejs\n\nCopyright (c) 2015 Renato de Pontes Pereira.\n\nPermission is hereby granted, free of charge, to any person obtaining a copy\nof this software and associated documentation files (the \"Software\"), to \ndeal in the Software without restriction, including without limitation the \nrights to use, copy, modify, merge, publish, distribute, sublicense, and/or\nsell copies of the Software, and to permit persons to whom the Software is \nfurnished to do so, subject to the following conditions:\n\nThe above copyright notice and this permission notice shall be included in\nall copies or substantial portions of the Software.\n\nTHE SOFTWARE IS PROVIDED \"AS IS\", WITHOUT WARRANTY OF ANY KIND, EXPRESS OR\nIMPLIED, INCLUDING BUT NOT LIMITED TO THE WARRANTIES OF MERCHANTABILITY, \nFITNESS FOR A PARTICULAR PURPOSE AND NONINFRINGEMENT. IN NO EVENT SHALL THE\nAUTHORS OR COPYRIGHT HOLDERS BE LIABLE FOR ANY CLAIM, DAMAGES OR OTHER \nLIABILITY, WHETHER IN AN ACTION OF CONTRACT, TORT OR OTHERWISE, ARISING \nFROM, OUT OF OR IN CONNECTION WITH THE SOFTWARE OR THE USE OR OTHER DEALINGS\nIN THE SOFTWARE.",
            "class": "Utils",
            "module": "StateJS"
        },
        {
            "file": "..\\src\\statejs.js",
            "line": 61,
            "description": "This function is used to create unique IDs for machines and states.\n\n(consult http://www.ietf.org/rfc/rfc4122.txt).",
            "itemtype": "method",
            "name": "createUUID",
            "return": {
                "description": "A unique ID.",
                "type": "String"
            },
            "class": "Utils",
            "module": "StateJS"
        },
        {
            "file": "..\\src\\statejs.js",
            "line": 87,
            "description": "Class is a meta-factory function to create classes in JavaScript. It is a\nshortcut for the CreateJS syntax style. By default, the class created by \nthis function have an initialize function (the constructor). Optionally, you\ncan specify the inheritance by passing another class as parameter.\n\nBy default, all classes created using this function, may receives only a\nsettings parameter as argument. This pattern is commonly used by jQuery and \nits plugins.\n\nUsage\n-----\n\n    // Creating a simple class\n    var BaseClass = statejs.Class();\n\n    // Using inheritance\n    var ChildClass = statejs.Class(BaseClass);\n\n    // Defining the constructor\n    ChildClass.prototype.initialize = function(settings) { ... }",
            "itemtype": "method",
            "name": "Class",
            "params": [
                {
                    "name": "baseClass",
                    "description": "The super class.",
                    "type": "Object"
                }
            ],
            "return": {
                "description": "A new class.",
                "type": "Object"
            },
            "class": "Utils",
            "module": "StateJS"
        }
    ],
    "warnings": [
        {
            "message": "replacing incorrect tag: returns with return",
            "line": " ..\\src\\Blackboard.js:88"
        },
        {
            "message": "replacing incorrect tag: returns with return",
            "line": " ..\\src\\Blackboard.js:106"
        },
        {
            "message": "replacing incorrect tag: returns with return",
            "line": " ..\\src\\Blackboard.js:125"
        },
        {
            "message": "replacing incorrect tag: returns with return",
            "line": " ..\\src\\Blackboard.js:174"
        },
        {
            "message": "Missing item type\nBlackboard\n\nCopyright (c) 2015 Renato de Pontes Pereira.\n\nPermission is hereby granted, free of charge, to any person obtaining a copy\nof this software and associated documentation files (the \"Software\"), to \ndeal in the Software without restriction, including without limitation the \nrights to use, copy, modify, merge, publish, distribute, sublicense, and/or\nsell copies of the Software, and to permit persons to whom the Software is \nfurnished to do so, subject to the following conditions:\n\nThe above copyright notice and this permission notice shall be included in\nall copies or substantial portions of the Software.\n\nTHE SOFTWARE IS PROVIDED \"AS IS\", WITHOUT WARRANTY OF ANY KIND, EXPRESS OR\nIMPLIED, INCLUDING BUT NOT LIMITED TO THE WARRANTIES OF MERCHANTABILITY, \nFITNESS FOR A PARTICULAR PURPOSE AND NONINFRINGEMENT. IN NO EVENT SHALL THE\nAUTHORS OR COPYRIGHT HOLDERS BE LIABLE FOR ANY CLAIM, DAMAGES OR OTHER \nLIABILITY, WHETHER IN AN ACTION OF CONTRACT, TORT OR OTHERWISE, ARISING \nFROM, OUT OF OR IN CONNECTION WITH THE SOFTWARE OR THE USE OR OTHER DEALINGS\nIN THE SOFTWARE.",
            "line": " ..\\src\\Blackboard.js:1"
        },
        {
            "message": "Missing item type\nState\n\nCopyright (c) 2015 Renato de Pontes Pereira.\n\nPermission is hereby granted, free of charge, to any person obtaining a copy\nof this software and associated documentation files (the \"Software\"), to \ndeal in the Software without restriction, including without limitation the \nrights to use, copy, modify, merge, publish, distribute, sublicense, and/or\nsell copies of the Software, and to permit persons to whom the Software is \nfurnished to do so, subject to the following conditions:\n\nThe above copyright notice and this permission notice shall be included in\nall copies or substantial portions of the Software.\n\nTHE SOFTWARE IS PROVIDED \"AS IS\", WITHOUT WARRANTY OF ANY KIND, EXPRESS OR\nIMPLIED, INCLUDING BUT NOT LIMITED TO THE WARRANTIES OF MERCHANTABILITY, \nFITNESS FOR A PARTICULAR PURPOSE AND NONINFRINGEMENT. IN NO EVENT SHALL THE\nAUTHORS OR COPYRIGHT HOLDERS BE LIABLE FOR ANY CLAIM, DAMAGES OR OTHER \nLIABILITY, WHETHER IN AN ACTION OF CONTRACT, TORT OR OTHERWISE, ARISING \nFROM, OUT OF OR IN CONNECTION WITH THE SOFTWARE OR THE USE OR OTHER DEALINGS\nIN THE SOFTWARE.",
            "line": " ..\\src\\FSM.js:1"
        },
        {
            "message": "Missing item type\nState\n\nCopyright (c) 2015 Renato de Pontes Pereira.\n\nPermission is hereby granted, free of charge, to any person obtaining a copy\nof this software and associated documentation files (the \"Software\"), to \ndeal in the Software without restriction, including without limitation the \nrights to use, copy, modify, merge, publish, distribute, sublicense, and/or\nsell copies of the Software, and to permit persons to whom the Software is \nfurnished to do so, subject to the following conditions:\n\nThe above copyright notice and this permission notice shall be included in\nall copies or substantial portions of the Software.\n\nTHE SOFTWARE IS PROVIDED \"AS IS\", WITHOUT WARRANTY OF ANY KIND, EXPRESS OR\nIMPLIED, INCLUDING BUT NOT LIMITED TO THE WARRANTIES OF MERCHANTABILITY, \nFITNESS FOR A PARTICULAR PURPOSE AND NONINFRINGEMENT. IN NO EVENT SHALL THE\nAUTHORS OR COPYRIGHT HOLDERS BE LIABLE FOR ANY CLAIM, DAMAGES OR OTHER \nLIABILITY, WHETHER IN AN ACTION OF CONTRACT, TORT OR OTHERWISE, ARISING \nFROM, OUT OF OR IN CONNECTION WITH THE SOFTWARE OR THE USE OR OTHER DEALINGS\nIN THE SOFTWARE.",
            "line": " ..\\src\\State.js:1"
        },
        {
            "message": "Missing item type\nSubsumption\n\nCopyright (c) 2015 Renato de Pontes Pereira.\n\nPermission is hereby granted, free of charge, to any person obtaining a copy\nof this software and associated documentation files (the \"Software\"), to \ndeal in the Software without restriction, including without limitation the \nrights to use, copy, modify, merge, publish, distribute, sublicense, and/or\nsell copies of the Software, and to permit persons to whom the Software is \nfurnished to do so, subject to the following conditions:\n\nThe above copyright notice and this permission notice shall be included in\nall copies or substantial portions of the Software.\n\nTHE SOFTWARE IS PROVIDED \"AS IS\", WITHOUT WARRANTY OF ANY KIND, EXPRESS OR\nIMPLIED, INCLUDING BUT NOT LIMITED TO THE WARRANTIES OF MERCHANTABILITY, \nFITNESS FOR A PARTICULAR PURPOSE AND NONINFRINGEMENT. IN NO EVENT SHALL THE\nAUTHORS OR COPYRIGHT HOLDERS BE LIABLE FOR ANY CLAIM, DAMAGES OR OTHER \nLIABILITY, WHETHER IN AN ACTION OF CONTRACT, TORT OR OTHERWISE, ARISING \nFROM, OUT OF OR IN CONNECTION WITH THE SOFTWARE OR THE USE OR OTHER DEALINGS\nIN THE SOFTWARE.",
            "line": " ..\\src\\Subsumption.js:1"
        },
        {
            "message": "Missing item type\nUtility\n\nCopyright (c) 2015 Renato de Pontes Pereira.\n\nPermission is hereby granted, free of charge, to any person obtaining a copy\nof this software and associated documentation files (the \"Software\"), to \ndeal in the Software without restriction, including without limitation the \nrights to use, copy, modify, merge, publish, distribute, sublicense, and/or\nsell copies of the Software, and to permit persons to whom the Software is \nfurnished to do so, subject to the following conditions:\n\nThe above copyright notice and this permission notice shall be included in\nall copies or substantial portions of the Software.\n\nTHE SOFTWARE IS PROVIDED \"AS IS\", WITHOUT WARRANTY OF ANY KIND, EXPRESS OR\nIMPLIED, INCLUDING BUT NOT LIMITED TO THE WARRANTIES OF MERCHANTABILITY, \nFITNESS FOR A PARTICULAR PURPOSE AND NONINFRINGEMENT. IN NO EVENT SHALL THE\nAUTHORS OR COPYRIGHT HOLDERS BE LIABLE FOR ANY CLAIM, DAMAGES OR OTHER \nLIABILITY, WHETHER IN AN ACTION OF CONTRACT, TORT OR OTHERWISE, ARISING \nFROM, OUT OF OR IN CONNECTION WITH THE SOFTWARE OR THE USE OR OTHER DEALINGS\nIN THE SOFTWARE.",
            "line": " ..\\src\\Utility.js:1"
        },
        {
            "message": "Missing item type\nstatejs\n\nCopyright (c) 2015 Renato de Pontes Pereira.\n\nPermission is hereby granted, free of charge, to any person obtaining a copy\nof this software and associated documentation files (the \"Software\"), to \ndeal in the Software without restriction, including without limitation the \nrights to use, copy, modify, merge, publish, distribute, sublicense, and/or\nsell copies of the Software, and to permit persons to whom the Software is \nfurnished to do so, subject to the following conditions:\n\nThe above copyright notice and this permission notice shall be included in\nall copies or substantial portions of the Software.\n\nTHE SOFTWARE IS PROVIDED \"AS IS\", WITHOUT WARRANTY OF ANY KIND, EXPRESS OR\nIMPLIED, INCLUDING BUT NOT LIMITED TO THE WARRANTIES OF MERCHANTABILITY, \nFITNESS FOR A PARTICULAR PURPOSE AND NONINFRINGEMENT. IN NO EVENT SHALL THE\nAUTHORS OR COPYRIGHT HOLDERS BE LIABLE FOR ANY CLAIM, DAMAGES OR OTHER \nLIABILITY, WHETHER IN AN ACTION OF CONTRACT, TORT OR OTHERWISE, ARISING \nFROM, OUT OF OR IN CONNECTION WITH THE SOFTWARE OR THE USE OR OTHER DEALINGS\nIN THE SOFTWARE.",
            "line": " ..\\src\\statejs.js:1"
        }
    ]
}